TEAM_ID,SEASON,GP_non_clutch,GP_clutch,WINS_non_clutch,WINS_clutch,WIN_PCT_non_clutch,WIN_PCT_clutch,TEAM_NAME
1610612737,2003,66.0,24.0,27.0,6.0,0.4090909090909091,0.25,Atlanta Hawks
1610612737,2004,60.0,24.0,6.0,7.0,0.1,0.2916666666666667,Atlanta Hawks
1610612737,2005,52.0,37.0,12.0,17.0,0.23076923076923078,0.4594594594594595,Atlanta Hawks
1610612737,2006,67.0,23.0,24.0,11.0,0.3582089552238806,0.4782608695652174,Atlanta Hawks
1610612737,2007,71.0,26.0,32.0,15.0,0.4507042253521127,0.5769230769230769,Atlanta Hawks
1610612737,2008,67.0,34.0,36.0,20.0,0.5373134328358209,0.5882352941176471,Atlanta Hawks
1610612737,2009,78.0,22.0,51.0,11.0,0.6538461538461539,0.5,Atlanta Hawks
1610612737,2010,78.0,23.0,37.0,15.0,0.47435897435897434,0.6521739130434783,Atlanta Hawks
1610612737,2011,49.0,25.0,29.0,14.0,0.5918367346938775,0.56,Atlanta Hawks
1610612737,2012,71.0,24.0,38.0,11.0,0.5352112676056338,0.4583333333333333,Atlanta Hawks
1610612737,2013,63.0,33.0,28.0,14.0,0.4444444444444444,0.42424242424242425,Atlanta Hawks
1610612737,2014,78.0,27.0,57.0,15.0,0.7307692307692307,0.5555555555555556,Atlanta Hawks
1610612737,2015,79.0,20.0,48.0,8.0,0.6075949367088608,0.4,Atlanta Hawks
1610612737,2016,63.0,32.0,32.0,18.0,0.5079365079365079,0.5625,Atlanta Hawks
1610612737,2017,61.0,26.0,16.0,10.0,0.26229508196721313,0.38461538461538464,Atlanta Hawks
1610612737,2018,66.0,21.0,17.0,14.0,0.25757575757575757,0.6666666666666666,Atlanta Hawks
1610612737,2019,53.0,19.0,12.0,9.0,0.22641509433962265,0.47368421052631576,Atlanta Hawks
1610612737,2020,74.0,24.0,42.0,14.0,0.5675675675675675,0.5833333333333334,Atlanta Hawks
1610612737,2021,74.0,19.0,39.0,9.0,0.527027027027027,0.47368421052631576,Atlanta Hawks
1610612737,2022,28.0,8.0,13.0,5.0,0.4642857142857143,0.625,Atlanta Hawks
1610612738,2003,65.0,29.0,23.0,17.0,0.35384615384615387,0.5862068965517241,Boston Celtics
1610612738,2004,57.0,35.0,29.0,20.0,0.5087719298245614,0.5714285714285714,Boston Celtics
1610612738,2005,55.0,35.0,23.0,13.0,0.41818181818181815,0.37142857142857144,Boston Celtics
1610612738,2006,60.0,30.0,19.0,8.0,0.31666666666666665,0.26666666666666666,Boston Celtics
1610612738,2007,86.0,29.0,70.0,16.0,0.813953488372093,0.5517241379310345,Boston Celtics
1610612738,2008,71.0,33.0,52.0,23.0,0.7323943661971831,0.696969696969697,Boston Celtics
1610612738,2009,84.0,30.0,54.0,17.0,0.6428571428571429,0.5666666666666667,Boston Celtics
1610612738,2010,61.0,38.0,43.0,25.0,0.7049180327868853,0.6578947368421053,Boston Celtics
1610612738,2011,62.0,26.0,37.0,15.0,0.5967741935483871,0.5769230769230769,Boston Celtics
1610612738,2012,66.0,27.0,31.0,14.0,0.4696969696969697,0.5185185185185185,Boston Celtics
1610612738,2013,63.0,27.0,17.0,10.0,0.2698412698412698,0.37037037037037035,Boston Celtics
1610612738,2014,63.0,31.0,30.0,15.0,0.47619047619047616,0.4838709677419355,Boston Celtics
1610612738,2015,66.0,27.0,42.0,12.0,0.6363636363636364,0.4444444444444444,Boston Celtics
1610612738,2016,77.0,30.0,48.0,19.0,0.6233766233766234,0.6333333333333333,Boston Celtics
1610612738,2017,76.0,29.0,52.0,18.0,0.6842105263157895,0.6206896551724138,Boston Celtics
1610612738,2018,75.0,20.0,44.0,11.0,0.5866666666666667,0.55,Boston Celtics
1610612738,2019,66.0,30.0,50.0,13.0,0.7575757575757576,0.43333333333333335,Boston Celtics
1610612738,2020,57.0,26.0,26.0,12.0,0.45614035087719296,0.46153846153846156,Boston Celtics
1610612738,2021,82.0,28.0,57.0,10.0,0.6951219512195121,0.35714285714285715,Boston Celtics
1610612738,2022,27.0,9.0,20.0,4.0,0.7407407407407407,0.4444444444444444,Boston Celtics
1610612739,2003,66.0,24.0,26.0,15.0,0.3939393939393939,0.625,Cleveland Cavaliers
1610612739,2004,69.0,15.0,37.0,6.0,0.5362318840579711,0.4,Cleveland Cavaliers
1610612739,2005,65.0,38.0,38.0,24.0,0.5846153846153846,0.631578947368421,Cleveland Cavaliers
1610612739,2006,69.0,40.0,44.0,19.0,0.6376811594202898,0.475,Cleveland Cavaliers
1610612739,2007,62.0,39.0,30.0,23.0,0.4838709677419355,0.5897435897435898,Cleveland Cavaliers
1610612739,2008,83.0,21.0,67.0,12.0,0.8072289156626506,0.5714285714285714,Cleveland Cavaliers
1610612739,2009,73.0,27.0,55.0,15.0,0.7534246575342466,0.5555555555555556,Cleveland Cavaliers
1610612739,2010,73.0,16.0,19.0,6.0,0.2602739726027397,0.375,Cleveland Cavaliers
1610612739,2011,50.0,18.0,14.0,8.0,0.28,0.4444444444444444,Cleveland Cavaliers
1610612739,2012,56.0,32.0,12.0,14.0,0.21428571428571427,0.4375,Cleveland Cavaliers
1610612739,2013,68.0,22.0,26.0,11.0,0.38235294117647056,0.5,Cleveland Cavaliers
1610612739,2014,78.0,30.0,50.0,21.0,0.6410256410256411,0.7,Cleveland Cavaliers
1610612739,2015,82.0,28.0,58.0,16.0,0.7073170731707317,0.5714285714285714,Cleveland Cavaliers
1610612739,2016,79.0,27.0,51.0,15.0,0.6455696202531646,0.5555555555555556,Cleveland Cavaliers
1610612739,2017,77.0,32.0,41.0,22.0,0.5324675324675324,0.6875,Cleveland Cavaliers
1610612739,2018,73.0,13.0,14.0,7.0,0.1917808219178082,0.5384615384615384,Cleveland Cavaliers
1610612739,2019,53.0,15.0,13.0,6.0,0.24528301886792453,0.4,Cleveland Cavaliers
1610612739,2020,65.0,12.0,17.0,7.0,0.26153846153846155,0.5833333333333334,Cleveland Cavaliers
1610612739,2021,60.0,29.0,31.0,15.0,0.5166666666666667,0.5172413793103449,Cleveland Cavaliers
1610612739,2022,29.0,8.0,21.0,2.0,0.7241379310344828,0.25,Cleveland Cavaliers
1610612740,2003,68.0,29.0,38.0,12.0,0.5588235294117647,0.41379310344827586,New Orleans Pelicans
1610612740,2004,56.0,29.0,8.0,10.0,0.14285714285714285,0.3448275862068966,New Orleans Pelicans
1610612740,2005,66.0,23.0,26.0,14.0,0.3939393939393939,0.6086956521739131,New Orleans Pelicans
1610612740,2006,61.0,28.0,26.0,15.0,0.4262295081967213,0.5357142857142857,New Orleans Pelicans
1610612740,2007,79.0,22.0,50.0,16.0,0.6329113924050633,0.7272727272727273,New Orleans Pelicans
1610612740,2008,71.0,23.0,40.0,17.0,0.5633802816901409,0.7391304347826086,New Orleans Pelicans
1610612740,2009,65.0,25.0,23.0,16.0,0.35384615384615387,0.64,New Orleans Pelicans
1610612740,2010,68.0,28.0,33.0,16.0,0.4852941176470588,0.5714285714285714,New Orleans Pelicans
1610612740,2011,50.0,18.0,16.0,7.0,0.32,0.3888888888888889,New Orleans Pelicans
1610612740,2012,63.0,27.0,21.0,10.0,0.3333333333333333,0.37037037037037035,New Orleans Pelicans
1610612740,2013,59.0,31.0,21.0,20.0,0.3559322033898305,0.6451612903225806,New Orleans Pelicans
1610612740,2014,67.0,26.0,34.0,16.0,0.5074626865671642,0.6153846153846154,New Orleans Pelicans
1610612740,2015,64.0,25.0,21.0,12.0,0.328125,0.48,New Orleans Pelicans
1610612740,2016,64.0,24.0,23.0,12.0,0.359375,0.5,New Orleans Pelicans
1610612740,2017,68.0,27.0,37.0,17.0,0.5441176470588235,0.6296296296296297,New Orleans Pelicans
1610612740,2018,59.0,28.0,21.0,12.0,0.3559322033898305,0.42857142857142855,New Orleans Pelicans
1610612740,2019,60.0,20.0,31.0,7.0,0.5166666666666667,0.35,New Orleans Pelicans
1610612740,2020,48.0,29.0,23.0,12.0,0.4791666666666667,0.41379310344827586,New Orleans Pelicans
1610612740,2021,74.0,20.0,31.0,10.0,0.4189189189189189,0.5,New Orleans Pelicans
1610612740,2022,26.0,10.0,18.0,5.0,0.6923076923076923,0.5,New Orleans Pelicans
1610612741,2003,73.0,17.0,19.0,7.0,0.2602739726027397,0.4117647058823529,Chicago Bulls
1610612741,2004,61.0,30.0,34.0,16.0,0.5573770491803278,0.5333333333333333,Chicago Bulls
1610612741,2005,64.0,32.0,32.0,14.0,0.5,0.4375,Chicago Bulls
1610612741,2006,70.0,30.0,46.0,15.0,0.6571428571428571,0.5,Chicago Bulls
1610612741,2007,73.0,16.0,29.0,8.0,0.3972602739726027,0.5,Chicago Bulls
1610612741,2008,69.0,28.0,34.0,14.0,0.4927536231884058,0.5,Chicago Bulls
1610612741,2009,69.0,26.0,32.0,16.0,0.463768115942029,0.6153846153846154,Chicago Bulls
1610612741,2010,75.0,31.0,56.0,19.0,0.7466666666666667,0.6129032258064516,Chicago Bulls
1610612741,2011,56.0,18.0,44.0,10.0,0.7857142857142857,0.5555555555555556,Chicago Bulls
1610612741,2012,66.0,35.0,36.0,19.0,0.5454545454545454,0.5428571428571428,Chicago Bulls
1610612741,2013,70.0,25.0,42.0,15.0,0.6,0.6,Chicago Bulls
1610612741,2014,74.0,28.0,45.0,15.0,0.6081081081081081,0.5357142857142857,Chicago Bulls
1610612741,2015,60.0,30.0,26.0,20.0,0.43333333333333335,0.6666666666666666,Chicago Bulls
1610612741,2016,71.0,24.0,34.0,12.0,0.4788732394366197,0.5,Chicago Bulls
1610612741,2017,63.0,25.0,17.0,13.0,0.2698412698412698,0.52,Chicago Bulls
1610612741,2018,64.0,23.0,15.0,9.0,0.234375,0.391304347826087,Chicago Bulls
1610612741,2019,53.0,17.0,17.0,7.0,0.32075471698113206,0.4117647058823529,Chicago Bulls
1610612741,2020,58.0,20.0,28.0,6.0,0.4827586206896552,0.3,Chicago Bulls
1610612741,2021,67.0,24.0,36.0,15.0,0.5373134328358209,0.625,Chicago Bulls
1610612741,2022,23.0,12.0,13.0,3.0,0.5652173913043478,0.25,Chicago Bulls
1610612742,2003,71.0,24.0,47.0,10.0,0.6619718309859155,0.4166666666666667,Dallas Mavericks
1610612742,2004,68.0,31.0,47.0,19.0,0.6911764705882353,0.6129032258064516,Dallas Mavericks
1610612742,2005,79.0,34.0,60.0,20.0,0.759493670886076,0.5882352941176471,Dallas Mavericks
1610612742,2006,67.0,29.0,50.0,22.0,0.746268656716418,0.7586206896551724,Dallas Mavericks
1610612742,2007,71.0,24.0,47.0,10.0,0.6619718309859155,0.4166666666666667,Dallas Mavericks
1610612742,2008,73.0,27.0,40.0,19.0,0.547945205479452,0.7037037037037037,Dallas Mavericks
1610612742,2009,68.0,27.0,44.0,18.0,0.6470588235294118,0.6666666666666666,Dallas Mavericks
1610612742,2010,71.0,40.0,52.0,25.0,0.7323943661971831,0.625,Dallas Mavericks
1610612742,2011,46.0,26.0,26.0,10.0,0.5652173913043478,0.38461538461538464,Dallas Mavericks
1610612742,2012,63.0,25.0,32.0,12.0,0.5079365079365079,0.48,Dallas Mavericks
1610612742,2013,62.0,35.0,37.0,19.0,0.5967741935483871,0.5428571428571428,Dallas Mavericks
1610612742,2014,67.0,28.0,38.0,17.0,0.5671641791044776,0.6071428571428571,Dallas Mavericks
1610612742,2015,68.0,26.0,33.0,10.0,0.4852941176470588,0.38461538461538464,Dallas Mavericks
1610612742,2016,67.0,22.0,24.0,11.0,0.3582089552238806,0.5,Dallas Mavericks
1610612742,2017,62.0,26.0,21.0,7.0,0.3387096774193548,0.2692307692307692,Dallas Mavericks
1610612742,2018,54.0,31.0,20.0,14.0,0.37037037037037035,0.45161290322580644,Dallas Mavericks
1610612742,2019,59.0,30.0,38.0,11.0,0.6440677966101694,0.36666666666666664,Dallas Mavericks
1610612742,2020,63.0,19.0,35.0,12.0,0.5555555555555556,0.631578947368421,Dallas Mavericks
1610612742,2021,85.0,19.0,54.0,11.0,0.6352941176470588,0.5789473684210527,Dallas Mavericks
1610612742,2022,18.0,17.0,8.0,10.0,0.4444444444444444,0.5882352941176471,Dallas Mavericks
1610612743,2003,73.0,22.0,42.0,8.0,0.5753424657534246,0.36363636363636365,Denver Nuggets
1610612743,2004,71.0,21.0,41.0,14.0,0.5774647887323944,0.6666666666666666,Denver Nuggets
1610612743,2005,67.0,28.0,35.0,17.0,0.5223880597014925,0.6071428571428571,Denver Nuggets
1610612743,2006,67.0,27.0,40.0,10.0,0.5970149253731343,0.37037037037037035,Denver Nuggets
1610612743,2007,70.0,23.0,45.0,9.0,0.6428571428571429,0.391304347826087,Denver Nuggets
1610612743,2008,78.0,27.0,55.0,15.0,0.7051282051282052,0.5555555555555556,Denver Nuggets
1610612743,2009,73.0,22.0,45.0,13.0,0.6164383561643836,0.5909090909090909,Denver Nuggets
1610612743,2010,65.0,30.0,41.0,15.0,0.6307692307692307,0.5,Denver Nuggets
1610612743,2011,50.0,25.0,29.0,14.0,0.58,0.56,Denver Nuggets
1610612743,2012,65.0,30.0,46.0,16.0,0.7076923076923077,0.5333333333333333,Denver Nuggets
1610612743,2013,60.0,29.0,26.0,12.0,0.43333333333333335,0.41379310344827586,Denver Nuggets
1610612743,2014,72.0,18.0,26.0,6.0,0.3611111111111111,0.3333333333333333,Denver Nuggets
1610612743,2015,61.0,28.0,20.0,17.0,0.32786885245901637,0.6071428571428571,Denver Nuggets
1610612743,2016,66.0,24.0,34.0,10.0,0.5151515151515151,0.4166666666666667,Denver Nuggets
1610612743,2017,64.0,23.0,37.0,12.0,0.578125,0.5217391304347826,Denver Nuggets
1610612743,2018,69.0,31.0,41.0,23.0,0.5942028985507246,0.7419354838709677,Denver Nuggets
1610612743,2019,73.0,26.0,46.0,14.0,0.6301369863013698,0.5384615384615384,Denver Nuggets
1610612743,2020,65.0,23.0,41.0,13.0,0.6307692307692307,0.5652173913043478,Denver Nuggets
1610612743,2021,66.0,26.0,36.0,14.0,0.5454545454545454,0.5384615384615384,Denver Nuggets
1610612743,2022,23.0,12.0,13.0,9.0,0.5652173913043478,0.75,Denver Nuggets
1610612744,2003,68.0,21.0,34.0,7.0,0.5,0.3333333333333333,Golden State Warriors
1610612744,2004,58.0,27.0,24.0,12.0,0.41379310344827586,0.4444444444444444,Golden State Warriors
1610612744,2005,59.0,30.0,24.0,12.0,0.4067796610169492,0.4,Golden State Warriors
1610612744,2006,69.0,30.0,38.0,14.0,0.5507246376811594,0.4666666666666667,Golden State Warriors
1610612744,2007,63.0,24.0,37.0,14.0,0.5873015873015873,0.5833333333333334,Golden State Warriors
1610612744,2008,60.0,27.0,23.0,9.0,0.38333333333333336,0.3333333333333333,Golden State Warriors
1610612744,2009,69.0,21.0,24.0,6.0,0.34782608695652173,0.2857142857142857,Golden State Warriors
1610612744,2010,68.0,22.0,31.0,8.0,0.45588235294117646,0.36363636363636365,Golden State Warriors
1610612744,2011,45.0,23.0,16.0,8.0,0.35555555555555557,0.34782608695652173,Golden State Warriors
1610612744,2012,77.0,24.0,41.0,17.0,0.5324675324675324,0.7083333333333334,Golden State Warriors
1610612744,2013,61.0,35.0,39.0,18.0,0.639344262295082,0.5142857142857142,Golden State Warriors
1610612744,2014,89.0,22.0,72.0,17.0,0.8089887640449438,0.7727272727272727,Golden State Warriors
1610612744,2015,95.0,18.0,77.0,14.0,0.8105263157894737,0.7777777777777778,Golden State Warriors
1610612744,2016,90.0,16.0,80.0,9.0,0.8888888888888888,0.5625,Golden State Warriors
1610612744,2017,89.0,18.0,64.0,12.0,0.7191011235955056,0.6666666666666666,Golden State Warriors
1610612744,2018,75.0,34.0,53.0,19.0,0.7066666666666667,0.5588235294117647,Golden State Warriors
1610612744,2019,58.0,12.0,14.0,3.0,0.2413793103448276,0.25,Golden State Warriors
1610612744,2020,56.0,23.0,32.0,10.0,0.5714285714285714,0.43478260869565216,Golden State Warriors
1610612744,2021,81.0,28.0,59.0,15.0,0.7283950617283951,0.5357142857142857,Golden State Warriors
1610612744,2022,30.0,8.0,15.0,3.0,0.5,0.375,Golden State Warriors
1610612745,2003,65.0,30.0,33.0,15.0,0.5076923076923077,0.5,Houston Rockets
1610612745,2004,61.0,30.0,38.0,16.0,0.6229508196721312,0.5333333333333333,Houston Rockets
1610612745,2005,58.0,31.0,26.0,14.0,0.4482758620689655,0.45161290322580644,Houston Rockets
1610612745,2006,67.0,29.0,41.0,19.0,0.6119402985074627,0.6551724137931034,Houston Rockets
1610612745,2007,72.0,21.0,48.0,11.0,0.6666666666666666,0.5238095238095238,Houston Rockets
1610612745,2008,69.0,33.0,46.0,19.0,0.6666666666666666,0.5757575757575758,Houston Rockets
1610612745,2009,66.0,24.0,32.0,14.0,0.48484848484848486,0.5833333333333334,Houston Rockets
1610612745,2010,60.0,30.0,33.0,14.0,0.55,0.4666666666666667,Houston Rockets
1610612745,2011,49.0,19.0,24.0,11.0,0.4897959183673469,0.5789473684210527,Houston Rockets
1610612745,2012,75.0,20.0,43.0,9.0,0.5733333333333334,0.45,Houston Rockets
1610612745,2013,68.0,27.0,48.0,14.0,0.7058823529411765,0.5185185185185185,Houston Rockets
1610612745,2014,77.0,30.0,50.0,21.0,0.6493506493506493,0.7,Houston Rockets
1610612745,2015,62.0,33.0,27.0,18.0,0.43548387096774194,0.5454545454545454,Houston Rockets
1610612745,2016,74.0,25.0,48.0,17.0,0.6486486486486487,0.68,Houston Rockets
1610612745,2017,84.0,19.0,64.0,15.0,0.7619047619047619,0.7894736842105263,Houston Rockets
1610612745,2018,66.0,31.0,46.0,16.0,0.696969696969697,0.5161290322580645,Houston Rockets
1610612745,2019,73.0,19.0,45.0,9.0,0.6164383561643836,0.47368421052631576,Houston Rockets
1610612745,2020,64.0,14.0,15.0,6.0,0.234375,0.42857142857142855,Houston Rockets
1610612745,2021,68.0,18.0,14.0,7.0,0.20588235294117646,0.3888888888888889,Houston Rockets
1610612745,2022,31.0,4.0,10.0,2.0,0.3225806451612903,0.5,Houston Rockets
1610612746,2003,70.0,20.0,20.0,10.0,0.2857142857142857,0.5,Los Angeles Clippers
1610612746,2004,55.0,31.0,28.0,10.0,0.509090909090909,0.3225806451612903,Los Angeles Clippers
1610612746,2005,77.0,24.0,46.0,13.0,0.5974025974025974,0.5416666666666666,Los Angeles Clippers
1610612746,2006,64.0,24.0,32.0,12.0,0.5,0.5,Los Angeles Clippers
1610612746,2007,77.0,12.0,23.0,4.0,0.2987012987012987,0.3333333333333333,Los Angeles Clippers
1610612746,2008,68.0,21.0,14.0,8.0,0.20588235294117646,0.38095238095238093,Los Angeles Clippers
1610612746,2009,71.0,18.0,23.0,11.0,0.323943661971831,0.6111111111111112,Los Angeles Clippers
1610612746,2010,65.0,25.0,22.0,11.0,0.3384615384615385,0.44,Los Angeles Clippers
1610612746,2011,50.0,29.0,30.0,16.0,0.6,0.5517241379310345,Los Angeles Clippers
1610612746,2012,77.0,19.0,53.0,10.0,0.6883116883116883,0.5263157894736842,Los Angeles Clippers
1610612746,2013,79.0,24.0,56.0,12.0,0.7088607594936709,0.5,Los Angeles Clippers
1610612746,2014,74.0,30.0,50.0,15.0,0.6756756756756757,0.5,Los Angeles Clippers
1610612746,2015,69.0,25.0,42.0,16.0,0.6086956521739131,0.64,Los Angeles Clippers
1610612746,2016,69.0,26.0,45.0,12.0,0.6521739130434783,0.46153846153846156,Los Angeles Clippers
1610612746,2017,68.0,19.0,33.0,11.0,0.4852941176470588,0.5789473684210527,Los Angeles Clippers
1610612746,2018,69.0,22.0,39.0,14.0,0.5652173913043478,0.6363636363636364,Los Angeles Clippers
1610612746,2019,70.0,21.0,45.0,13.0,0.6428571428571429,0.6190476190476191,Los Angeles Clippers
1610612746,2020,72.0,23.0,48.0,9.0,0.6666666666666666,0.391304347826087,Los Angeles Clippers
1610612746,2021,63.0,25.0,27.0,16.0,0.42857142857142855,0.64,Los Angeles Clippers
1610612746,2022,26.0,10.0,14.0,6.0,0.5384615384615384,0.6,Los Angeles Clippers
1610612747,2003,82.0,30.0,47.0,22.0,0.573170731707317,0.7333333333333333,Los Angeles Lakers
1610612747,2004,58.0,25.0,22.0,13.0,0.3793103448275862,0.52,Los Angeles Lakers
1610612747,2005,68.0,29.0,40.0,14.0,0.5882352941176471,0.4827586206896552,Los Angeles Lakers
1610612747,2006,69.0,26.0,34.0,13.0,0.4927536231884058,0.5,Los Angeles Lakers
1610612747,2007,79.0,30.0,55.0,18.0,0.6962025316455697,0.6,Los Angeles Lakers
1610612747,2008,89.0,23.0,72.0,14.0,0.8089887640449438,0.6086956521739131,Los Angeles Lakers
1610612747,2009,85.0,28.0,60.0,19.0,0.7058823529411765,0.6785714285714286,Los Angeles Lakers
1610612747,2010,72.0,27.0,50.0,15.0,0.6944444444444444,0.5555555555555556,Los Angeles Lakers
1610612747,2011,45.0,35.0,23.0,23.0,0.5111111111111111,0.6571428571428571,Los Angeles Lakers
1610612747,2012,69.0,25.0,30.0,15.0,0.43478260869565216,0.6,Los Angeles Lakers
1610612747,2013,68.0,22.0,19.0,12.0,0.27941176470588236,0.5454545454545454,Los Angeles Lakers
1610612747,2014,69.0,21.0,15.0,9.0,0.21739130434782608,0.42857142857142855,Los Angeles Lakers
1610612747,2015,68.0,21.0,11.0,8.0,0.16176470588235295,0.38095238095238093,Los Angeles Lakers
1610612747,2016,71.0,19.0,23.0,5.0,0.323943661971831,0.2631578947368421,Los Angeles Lakers
1610612747,2017,66.0,22.0,26.0,11.0,0.3939393939393939,0.5,Los Angeles Lakers
1610612747,2018,62.0,26.0,27.0,13.0,0.43548387096774194,0.5,Los Angeles Lakers
1610612747,2019,80.0,21.0,60.0,13.0,0.75,0.6190476190476191,Los Angeles Lakers
1610612747,2020,62.0,21.0,37.0,12.0,0.5967741935483871,0.5714285714285714,Los Angeles Lakers
1610612747,2021,61.0,27.0,20.0,13.0,0.32786885245901637,0.48148148148148145,Los Angeles Lakers
1610612747,2022,27.0,10.0,9.0,5.0,0.3333333333333333,0.5,Los Angeles Lakers
1610612748,2003,81.0,21.0,41.0,11.0,0.5061728395061729,0.5238095238095238,Miami Heat
1610612748,2004,76.0,24.0,57.0,14.0,0.75,0.5833333333333334,Miami Heat
1610612748,2005,80.0,32.0,49.0,22.0,0.6125,0.6875,Miami Heat
1610612748,2006,65.0,28.0,27.0,19.0,0.4153846153846154,0.6785714285714286,Miami Heat
1610612748,2007,63.0,26.0,8.0,7.0,0.12698412698412698,0.2692307692307692,Miami Heat
1610612748,2008,68.0,28.0,31.0,17.0,0.45588235294117646,0.6071428571428571,Miami Heat
1610612748,2009,70.0,24.0,39.0,11.0,0.5571428571428572,0.4583333333333333,Miami Heat
1610612748,2010,84.0,25.0,66.0,8.0,0.7857142857142857,0.32,Miami Heat
1610612748,2011,71.0,20.0,52.0,11.0,0.7323943661971831,0.55,Miami Heat
1610612748,2012,87.0,26.0,67.0,19.0,0.7701149425287356,0.7307692307692307,Miami Heat
1610612748,2013,77.0,33.0,53.0,19.0,0.6883116883116883,0.5757575757575758,Miami Heat
1610612748,2014,64.0,26.0,27.0,14.0,0.421875,0.5384615384615384,Miami Heat
1610612748,2015,75.0,29.0,42.0,17.0,0.56,0.5862068965517241,Miami Heat
1610612748,2016,65.0,25.0,35.0,10.0,0.5384615384615384,0.4,Miami Heat
1610612748,2017,62.0,31.0,31.0,17.0,0.5,0.5483870967741935,Miami Heat
1610612748,2018,60.0,28.0,30.0,12.0,0.5,0.42857142857142855,Miami Heat
1610612748,2019,74.0,28.0,46.0,17.0,0.6216216216216216,0.6071428571428571,Miami Heat
1610612748,2020,60.0,19.0,32.0,9.0,0.5333333333333333,0.47368421052631576,Miami Heat
1610612748,2021,83.0,23.0,56.0,13.0,0.6746987951807228,0.5652173913043478,Miami Heat
1610612748,2022,21.0,16.0,9.0,11.0,0.42857142857142855,0.6875,Miami Heat
1610612749,2003,67.0,28.0,32.0,14.0,0.47761194029850745,0.5,Milwaukee Bucks
1610612749,2004,54.0,30.0,18.0,13.0,0.3333333333333333,0.43333333333333335,Milwaukee Bucks
1610612749,2005,61.0,34.0,24.0,20.0,0.39344262295081966,0.5882352941176471,Milwaukee Bucks
1610612749,2006,64.0,26.0,21.0,10.0,0.328125,0.38461538461538464,Milwaukee Bucks
1610612749,2007,57.0,32.0,14.0,15.0,0.24561403508771928,0.46875,Milwaukee Bucks
1610612749,2008,68.0,22.0,25.0,10.0,0.36764705882352944,0.45454545454545453,Milwaukee Bucks
1610612749,2009,63.0,34.0,35.0,17.0,0.5555555555555556,0.5,Milwaukee Bucks
1610612749,2010,68.0,22.0,29.0,9.0,0.4264705882352941,0.4090909090909091,Milwaukee Bucks
1610612749,2011,47.0,21.0,24.0,7.0,0.5106382978723404,0.3333333333333333,Milwaukee Bucks
1610612749,2012,69.0,25.0,28.0,13.0,0.4057971014492754,0.52,Milwaukee Bucks
1610612749,2013,66.0,22.0,8.0,8.0,0.12121212121212122,0.36363636363636365,Milwaukee Bucks
1610612749,2014,70.0,25.0,34.0,12.0,0.4857142857142857,0.48,Milwaukee Bucks
1610612749,2015,64.0,24.0,26.0,9.0,0.40625,0.375,Milwaukee Bucks
1610612749,2016,68.0,26.0,32.0,15.0,0.47058823529411764,0.5769230769230769,Milwaukee Bucks
1610612749,2017,64.0,29.0,31.0,17.0,0.484375,0.5862068965517241,Milwaukee Bucks
1610612749,2018,83.0,18.0,67.0,6.0,0.8072289156626506,0.3333333333333333,Milwaukee Bucks
1610612749,2019,77.0,14.0,61.0,7.0,0.7922077922077922,0.5,Milwaukee Bucks
1610612749,2020,79.0,21.0,51.0,13.0,0.6455696202531646,0.6190476190476191,Milwaukee Bucks
1610612749,2021,82.0,17.0,51.0,8.0,0.6219512195121951,0.47058823529411764,Milwaukee Bucks
1610612749,2022,28.0,8.0,18.0,4.0,0.6428571428571429,0.5,Milwaukee Bucks
1610612750,2003,80.0,28.0,54.0,18.0,0.675,0.6428571428571429,Minnesota Timberwolves
1610612750,2004,60.0,26.0,32.0,14.0,0.5333333333333333,0.5384615384615384,Minnesota Timberwolves
1610612750,2005,58.0,32.0,24.0,13.0,0.41379310344827586,0.40625,Minnesota Timberwolves
1610612750,2006,61.0,29.0,21.0,16.0,0.3442622950819672,0.5517241379310345,Minnesota Timberwolves
1610612750,2007,66.0,22.0,15.0,8.0,0.22727272727272727,0.36363636363636365,Minnesota Timberwolves
1610612750,2008,68.0,22.0,21.0,9.0,0.3088235294117647,0.4090909090909091,Minnesota Timberwolves
1610612750,2009,71.0,19.0,13.0,5.0,0.18309859154929578,0.2631578947368421,Minnesota Timberwolves
1610612750,2010,68.0,22.0,17.0,6.0,0.25,0.2727272727272727,Minnesota Timberwolves
1610612750,2011,44.0,24.0,18.0,10.0,0.4090909090909091,0.4166666666666667,Minnesota Timberwolves
1610612750,2012,68.0,20.0,28.0,7.0,0.4117647058823529,0.35,Minnesota Timberwolves
1610612750,2013,66.0,22.0,37.0,7.0,0.5606060606060606,0.3181818181818182,Minnesota Timberwolves
1610612750,2014,69.0,20.0,14.0,7.0,0.2028985507246377,0.35,Minnesota Timberwolves
1610612750,2015,56.0,33.0,16.0,15.0,0.2857142857142857,0.45454545454545453,Minnesota Timberwolves
1610612750,2016,65.0,24.0,26.0,10.0,0.4,0.4166666666666667,Minnesota Timberwolves
1610612750,2017,67.0,23.0,39.0,11.0,0.582089552238806,0.4782608695652174,Minnesota Timberwolves
1610612750,2018,63.0,24.0,25.0,12.0,0.3968253968253968,0.5,Minnesota Timberwolves
1610612750,2019,56.0,12.0,16.0,4.0,0.2857142857142857,0.3333333333333333,Minnesota Timberwolves
1610612750,2020,50.0,27.0,14.0,12.0,0.28,0.4444444444444444,Minnesota Timberwolves
1610612750,2021,72.0,21.0,39.0,13.0,0.5416666666666666,0.6190476190476191,Minnesota Timberwolves
1610612750,2022,29.0,8.0,14.0,6.0,0.4827586206896552,0.75,Minnesota Timberwolves
1610612751,2003,80.0,21.0,49.0,9.0,0.6125,0.42857142857142855,Brooklyn Nets
1610612751,2004,68.0,22.0,31.0,13.0,0.45588235294117646,0.5909090909090909,Brooklyn Nets
1610612751,2005,70.0,31.0,39.0,20.0,0.5571428571428572,0.6451612903225806,Brooklyn Nets
1610612751,2006,68.0,34.0,35.0,15.0,0.5147058823529411,0.4411764705882353,Brooklyn Nets
1610612751,2007,64.0,24.0,20.0,17.0,0.3125,0.7083333333333334,Brooklyn Nets
1610612751,2008,63.0,26.0,24.0,13.0,0.38095238095238093,0.5,Brooklyn Nets
1610612751,2009,71.0,18.0,12.0,1.0,0.16901408450704225,0.05555555555555555,Brooklyn Nets
1610612751,2010,62.0,27.0,13.0,13.0,0.20967741935483872,0.48148148148148145,Brooklyn Nets
1610612751,2011,54.0,14.0,15.0,7.0,0.2777777777777778,0.5,Brooklyn Nets
1610612751,2012,68.0,27.0,36.0,19.0,0.5294117647058824,0.7037037037037037,Brooklyn Nets
1610612751,2013,67.0,34.0,37.0,17.0,0.5522388059701493,0.5,Brooklyn Nets
1610612751,2014,65.0,28.0,26.0,17.0,0.4,0.6071428571428571,Brooklyn Nets
1610612751,2015,64.0,23.0,13.0,10.0,0.203125,0.43478260869565216,Brooklyn Nets
1610612751,2016,65.0,23.0,16.0,5.0,0.24615384615384617,0.21739130434782608,Brooklyn Nets
1610612751,2017,59.0,27.0,19.0,12.0,0.3220338983050847,0.4444444444444444,Brooklyn Nets
1610612751,2018,60.0,31.0,25.0,20.0,0.4166666666666667,0.6451612903225806,Brooklyn Nets
1610612751,2019,56.0,26.0,25.0,13.0,0.44642857142857145,0.5,Brooklyn Nets
1610612751,2020,62.0,29.0,42.0,17.0,0.6774193548387096,0.5862068965517241,Brooklyn Nets
1610612751,2021,67.0,24.0,34.0,14.0,0.5074626865671642,0.5833333333333334,Brooklyn Nets
1610612751,2022,27.0,9.0,15.0,7.0,0.5555555555555556,0.7777777777777778,Brooklyn Nets
1610612752,2003,69.0,25.0,27.0,15.0,0.391304347826087,0.6,New York Knicks
1610612752,2004,62.0,24.0,27.0,9.0,0.43548387096774194,0.375,New York Knicks
1610612752,2005,58.0,31.0,15.0,11.0,0.25862068965517243,0.3548387096774194,New York Knicks
1610612752,2006,58.0,30.0,21.0,16.0,0.3620689655172414,0.5333333333333333,New York Knicks
1610612752,2007,63.0,23.0,15.0,10.0,0.23809523809523808,0.43478260869565216,New York Knicks
1610612752,2008,62.0,27.0,25.0,10.0,0.4032258064516129,0.37037037037037035,New York Knicks
1610612752,2009,64.0,24.0,20.0,13.0,0.3125,0.5416666666666666,New York Knicks
1610612752,2010,66.0,27.0,32.0,12.0,0.48484848484848486,0.4444444444444444,New York Knicks
1610612752,2011,54.0,19.0,29.0,10.0,0.5370370370370371,0.5263157894736842,New York Knicks
1610612752,2012,77.0,23.0,49.0,14.0,0.6363636363636364,0.6086956521739131,New York Knicks
1610612752,2013,61.0,28.0,28.0,11.0,0.45901639344262296,0.39285714285714285,New York Knicks
1610612752,2014,64.0,25.0,13.0,7.0,0.203125,0.28,New York Knicks
1610612752,2015,68.0,19.0,28.0,7.0,0.4117647058823529,0.3684210526315789,New York Knicks
1610612752,2016,58.0,30.0,20.0,15.0,0.3448275862068966,0.5,New York Knicks
1610612752,2017,64.0,23.0,21.0,8.0,0.328125,0.34782608695652173,New York Knicks
1610612752,2018,65.0,22.0,10.0,10.0,0.15384615384615385,0.45454545454545453,New York Knicks
1610612752,2019,47.0,23.0,11.0,11.0,0.23404255319148937,0.4782608695652174,New York Knicks
1610612752,2020,62.0,21.0,36.0,10.0,0.5806451612903226,0.47619047619047616,New York Knicks
1610612752,2021,68.0,18.0,33.0,8.0,0.4852941176470588,0.4444444444444444,New York Knicks
1610612752,2022,29.0,7.0,17.0,4.0,0.5862068965517241,0.5714285714285714,New York Knicks
1610612753,2003,66.0,24.0,13.0,10.0,0.19696969696969696,0.4166666666666667,Orlando Magic
1610612753,2004,58.0,26.0,21.0,17.0,0.3620689655172414,0.6538461538461539,Orlando Magic
1610612753,2005,60.0,28.0,28.0,12.0,0.4666666666666667,0.42857142857142855,Orlando Magic
1610612753,2006,64.0,30.0,31.0,15.0,0.484375,0.5,Orlando Magic
1610612753,2007,75.0,23.0,53.0,9.0,0.7066666666666667,0.391304347826087,Orlando Magic
1610612753,2008,80.0,32.0,58.0,19.0,0.725,0.59375,Orlando Magic
1610612753,2009,84.0,20.0,66.0,11.0,0.7857142857142857,0.55,Orlando Magic
1610612753,2010,70.0,25.0,50.0,11.0,0.7142857142857143,0.44,Orlando Magic
1610612753,2011,55.0,18.0,31.0,8.0,0.5636363636363636,0.4444444444444444,Orlando Magic
1610612753,2012,72.0,18.0,16.0,6.0,0.2222222222222222,0.3333333333333333,Orlando Magic
1610612753,2013,64.0,26.0,17.0,8.0,0.265625,0.3076923076923077,Orlando Magic
1610612753,2014,62.0,27.0,15.0,13.0,0.24193548387096775,0.48148148148148145,Orlando Magic
1610612753,2015,61.0,28.0,28.0,12.0,0.45901639344262296,0.42857142857142855,Orlando Magic
1610612753,2016,72.0,17.0,24.0,7.0,0.3333333333333333,0.4117647058823529,Orlando Magic
1610612753,2017,68.0,20.0,19.0,9.0,0.27941176470588236,0.45,Orlando Magic
1610612753,2018,65.0,26.0,31.0,13.0,0.47692307692307695,0.5,Orlando Magic
1610612753,2019,68.0,19.0,28.0,10.0,0.4117647058823529,0.5263157894736842,Orlando Magic
1610612753,2020,59.0,17.0,14.0,9.0,0.23728813559322035,0.5294117647058824,Orlando Magic
1610612753,2021,65.0,21.0,16.0,7.0,0.24615384615384617,0.3333333333333333,Orlando Magic
1610612753,2022,26.0,11.0,8.0,8.0,0.3076923076923077,0.7272727272727273,Orlando Magic
1610612754,2003,79.0,27.0,61.0,15.0,0.7721518987341772,0.5555555555555556,Indiana Pacers
1610612754,2004,64.0,36.0,34.0,19.0,0.53125,0.5277777777777778,Indiana Pacers
1610612754,2005,64.0,32.0,39.0,9.0,0.609375,0.28125,Indiana Pacers
1610612754,2006,69.0,21.0,31.0,7.0,0.4492753623188406,0.3333333333333333,Indiana Pacers
1610612754,2007,72.0,17.0,34.0,7.0,0.4722222222222222,0.4117647058823529,Indiana Pacers
1610612754,2008,52.0,38.0,24.0,16.0,0.46153846153846156,0.42105263157894735,Indiana Pacers
1610612754,2009,73.0,16.0,28.0,7.0,0.3835616438356164,0.4375,Indiana Pacers
1610612754,2010,68.0,26.0,29.0,12.0,0.4264705882352941,0.46153846153846156,Indiana Pacers
1610612754,2011,55.0,24.0,33.0,15.0,0.6,0.625,Indiana Pacers
1610612754,2012,79.0,28.0,49.0,15.0,0.620253164556962,0.5357142857142857,Indiana Pacers
1610612754,2013,83.0,26.0,50.0,19.0,0.6024096385542169,0.7307692307692307,Indiana Pacers
1610612754,2014,58.0,31.0,28.0,13.0,0.4827586206896552,0.41935483870967744,Indiana Pacers
1610612754,2015,58.0,38.0,33.0,20.0,0.5689655172413793,0.5263157894736842,Indiana Pacers
1610612754,2016,74.0,18.0,37.0,8.0,0.5,0.4444444444444444,Indiana Pacers
1610612754,2017,61.0,31.0,35.0,18.0,0.5737704918032787,0.5806451612903226,Indiana Pacers
1610612754,2018,69.0,21.0,41.0,9.0,0.5942028985507246,0.42857142857142855,Indiana Pacers
1610612754,2019,62.0,22.0,36.0,14.0,0.5806451612903226,0.6363636363636364,Indiana Pacers
1610612754,2020,58.0,21.0,28.0,9.0,0.4827586206896552,0.42857142857142855,Indiana Pacers
1610612754,2021,58.0,28.0,20.0,7.0,0.3448275862068966,0.25,Indiana Pacers
1610612754,2022,27.0,8.0,14.0,3.0,0.5185185185185185,0.375,Indiana Pacers
1610612755,2003,68.0,22.0,25.0,12.0,0.36764705882352944,0.5454545454545454,Philadelphia 76ers
1610612755,2004,61.0,29.0,29.0,17.0,0.47540983606557374,0.5862068965517241,Philadelphia 76ers
1610612755,2005,57.0,32.0,23.0,18.0,0.40350877192982454,0.5625,Philadelphia 76ers
1610612755,2006,59.0,28.0,22.0,15.0,0.3728813559322034,0.5357142857142857,Philadelphia 76ers
1610612755,2007,64.0,30.0,28.0,16.0,0.4375,0.5333333333333333,Philadelphia 76ers
1610612755,2008,66.0,29.0,31.0,16.0,0.4696969696969697,0.5517241379310345,Philadelphia 76ers
1610612755,2009,59.0,31.0,22.0,10.0,0.3728813559322034,0.3225806451612903,Philadelphia 76ers
1610612755,2010,66.0,28.0,35.0,9.0,0.5303030303030303,0.32142857142857145,Philadelphia 76ers
1610612755,2011,62.0,19.0,36.0,8.0,0.5806451612903226,0.42105263157894735,Philadelphia 76ers
1610612755,2012,73.0,16.0,35.0,5.0,0.4794520547945205,0.3125,Philadelphia 76ers
1610612755,2013,73.0,15.0,11.0,9.0,0.1506849315068493,0.6,Philadelphia 76ers
1610612755,2014,73.0,17.0,16.0,4.0,0.2191780821917808,0.23529411764705882,Philadelphia 76ers
1610612755,2015,69.0,20.0,8.0,4.0,0.11594202898550725,0.2,Philadelphia 76ers
1610612755,2016,60.0,29.0,15.0,15.0,0.25,0.5172413793103449,Philadelphia 76ers
1610612755,2017,73.0,24.0,49.0,10.0,0.6712328767123288,0.4166666666666667,Philadelphia 76ers
1610612755,2018,67.0,30.0,42.0,18.0,0.6268656716417911,0.6,Philadelphia 76ers
1610612755,2019,63.0,21.0,39.0,8.0,0.6190476190476191,0.38095238095238093,Philadelphia 76ers
1610612755,2020,69.0,19.0,49.0,11.0,0.7101449275362319,0.5789473684210527,Philadelphia 76ers
1610612755,2021,69.0,29.0,44.0,15.0,0.6376811594202898,0.5172413793103449,Philadelphia 76ers
1610612755,2022,26.0,8.0,17.0,5.0,0.6538461538461539,0.625,Philadelphia 76ers
1610612756,2003,60.0,30.0,22.0,12.0,0.36666666666666664,0.4,Phoenix Suns
1610612756,2004,79.0,21.0,61.0,13.0,0.7721518987341772,0.6190476190476191,Phoenix Suns
1610612756,2005,88.0,22.0,59.0,11.0,0.6704545454545454,0.5,Phoenix Suns
1610612756,2006,72.0,27.0,56.0,13.0,0.7777777777777778,0.48148148148148145,Phoenix Suns
1610612756,2007,71.0,23.0,50.0,11.0,0.704225352112676,0.4782608695652174,Phoenix Suns
1610612756,2008,61.0,29.0,35.0,16.0,0.5737704918032787,0.5517241379310345,Phoenix Suns
1610612756,2009,82.0,23.0,57.0,10.0,0.6951219512195121,0.43478260869565216,Phoenix Suns
1610612756,2010,63.0,27.0,30.0,12.0,0.47619047619047616,0.4444444444444444,Phoenix Suns
1610612756,2011,52.0,16.0,24.0,9.0,0.46153846153846156,0.5625,Phoenix Suns
1610612756,2012,67.0,22.0,19.0,10.0,0.2835820895522388,0.45454545454545453,Phoenix Suns
1610612756,2013,70.0,18.0,46.0,6.0,0.6571428571428571,0.3333333333333333,Phoenix Suns
1610612756,2014,57.0,31.0,32.0,11.0,0.5614035087719298,0.3548387096774194,Phoenix Suns
1610612756,2015,70.0,18.0,19.0,8.0,0.2714285714285714,0.4444444444444444,Phoenix Suns
1610612756,2016,57.0,31.0,13.0,15.0,0.22807017543859648,0.4838709677419355,Phoenix Suns
1610612756,2017,70.0,16.0,14.0,8.0,0.2,0.5,Phoenix Suns
1610612756,2018,67.0,19.0,13.0,7.0,0.19402985074626866,0.3684210526315789,Phoenix Suns
1610612756,2019,58.0,22.0,28.0,10.0,0.4827586206896552,0.45454545454545453,Phoenix Suns
1610612756,2020,70.0,31.0,50.0,17.0,0.7142857142857143,0.5483870967741935,Phoenix Suns
1610612756,2021,77.0,22.0,57.0,17.0,0.7402597402597403,0.7727272727272727,Phoenix Suns
1610612756,2022,21.0,14.0,15.0,5.0,0.7142857142857143,0.35714285714285715,Phoenix Suns
1610612757,2003,68.0,22.0,32.0,13.0,0.47058823529411764,0.5909090909090909,Portland Trail Blazers
1610612757,2004,57.0,29.0,18.0,10.0,0.3157894736842105,0.3448275862068966,Portland Trail Blazers
1610612757,2005,64.0,26.0,10.0,13.0,0.15625,0.5,Portland Trail Blazers
1610612757,2006,60.0,30.0,17.0,17.0,0.2833333333333333,0.5666666666666667,Portland Trail Blazers
1610612757,2007,68.0,20.0,30.0,15.0,0.4411764705882353,0.75,Portland Trail Blazers
1610612757,2008,70.0,25.0,45.0,15.0,0.6428571428571429,0.6,Portland Trail Blazers
1610612757,2009,69.0,27.0,41.0,15.0,0.5942028985507246,0.5555555555555556,Portland Trail Blazers
1610612757,2010,65.0,30.0,36.0,17.0,0.5538461538461539,0.5666666666666667,Portland Trail Blazers
1610612757,2011,45.0,23.0,24.0,5.0,0.5333333333333333,0.21739130434782608,Portland Trail Blazers
1610612757,2012,63.0,26.0,24.0,12.0,0.38095238095238093,0.46153846153846156,Portland Trail Blazers
1610612757,2013,66.0,34.0,45.0,19.0,0.6818181818181818,0.5588235294117647,Portland Trail Blazers
1610612757,2014,71.0,22.0,42.0,13.0,0.5915492957746479,0.5909090909090909,Portland Trail Blazers
1610612757,2015,74.0,26.0,41.0,11.0,0.5540540540540541,0.4230769230769231,Portland Trail Blazers
1610612757,2016,61.0,31.0,30.0,14.0,0.4918032786885246,0.45161290322580644,Portland Trail Blazers
1610612757,2017,61.0,30.0,38.0,15.0,0.6229508196721312,0.5,Portland Trail Blazers
1610612757,2018,74.0,29.0,47.0,17.0,0.6351351351351351,0.5862068965517241,Portland Trail Blazers
1610612757,2019,66.0,21.0,24.0,14.0,0.36363636363636365,0.6666666666666666,Portland Trail Blazers
1610612757,2020,55.0,27.0,30.0,15.0,0.5454545454545454,0.5555555555555556,Portland Trail Blazers
1610612757,2021,65.0,21.0,17.0,10.0,0.26153846153846155,0.47619047619047616,Portland Trail Blazers
1610612757,2022,22.0,14.0,11.0,6.0,0.5,0.42857142857142855,Portland Trail Blazers
1610612758,2003,75.0,27.0,51.0,16.0,0.68,0.5925925925925926,Sacramento Kings
1610612758,2004,59.0,32.0,33.0,19.0,0.559322033898305,0.59375,Sacramento Kings
1610612758,2005,73.0,23.0,36.0,13.0,0.4931506849315068,0.5652173913043478,Sacramento Kings
1610612758,2006,62.0,28.0,26.0,12.0,0.41935483870967744,0.42857142857142855,Sacramento Kings
1610612758,2007,62.0,27.0,27.0,14.0,0.43548387096774194,0.5185185185185185,Sacramento Kings
1610612758,2008,61.0,29.0,13.0,5.0,0.21311475409836064,0.1724137931034483,Sacramento Kings
1610612758,2009,66.0,23.0,14.0,13.0,0.21212121212121213,0.5652173913043478,Sacramento Kings
1610612758,2010,56.0,33.0,14.0,13.0,0.25,0.3939393939393939,Sacramento Kings
1610612758,2011,51.0,17.0,14.0,9.0,0.27450980392156865,0.5294117647058824,Sacramento Kings
1610612758,2012,71.0,18.0,23.0,10.0,0.323943661971831,0.5555555555555556,Sacramento Kings
1610612758,2013,62.0,27.0,21.0,12.0,0.3387096774193548,0.4444444444444444,Sacramento Kings
1610612758,2014,65.0,23.0,21.0,10.0,0.3230769230769231,0.43478260869565216,Sacramento Kings
1610612758,2015,62.0,26.0,24.0,14.0,0.3870967741935484,0.5384615384615384,Sacramento Kings
1610612758,2016,55.0,32.0,16.0,18.0,0.2909090909090909,0.5625,Sacramento Kings
1610612758,2017,63.0,25.0,14.0,14.0,0.2222222222222222,0.56,Sacramento Kings
1610612758,2018,57.0,30.0,27.0,13.0,0.47368421052631576,0.43333333333333335,Sacramento Kings
1610612758,2019,49.0,30.0,21.0,13.0,0.42857142857142855,0.43333333333333335,Sacramento Kings
1610612758,2020,52.0,27.0,17.0,18.0,0.3269230769230769,0.6666666666666666,Sacramento Kings
1610612758,2021,62.0,24.0,20.0,14.0,0.3225806451612903,0.5833333333333334,Sacramento Kings
1610612758,2022,25.0,9.0,17.0,4.0,0.68,0.4444444444444444,Sacramento Kings
1610612759,2003,76.0,24.0,55.0,11.0,0.7236842105263158,0.4583333333333333,San Antonio Spurs
1610612759,2004,82.0,26.0,64.0,14.0,0.7804878048780488,0.5384615384615384,San Antonio Spurs
1610612759,2005,76.0,27.0,54.0,17.0,0.7105263157894737,0.6296296296296297,San Antonio Spurs
1610612759,2006,82.0,25.0,63.0,13.0,0.7682926829268293,0.52,San Antonio Spurs
1610612759,2007,79.0,25.0,54.0,14.0,0.6835443037974683,0.56,San Antonio Spurs
1610612759,2008,60.0,34.0,39.0,19.0,0.65,0.5588235294117647,San Antonio Spurs
1610612759,2009,76.0,22.0,47.0,10.0,0.618421052631579,0.45454545454545453,San Antonio Spurs
1610612759,2010,73.0,21.0,54.0,12.0,0.7397260273972602,0.5714285714285714,San Antonio Spurs
1610612759,2011,62.0,20.0,47.0,14.0,0.7580645161290323,0.7,San Antonio Spurs
1610612759,2012,76.0,33.0,56.0,20.0,0.7368421052631579,0.6060606060606061,San Antonio Spurs
1610612759,2013,92.0,19.0,66.0,14.0,0.717391304347826,0.7368421052631579,San Antonio Spurs
1610612759,2014,67.0,27.0,47.0,12.0,0.7014925373134329,0.4444444444444444,San Antonio Spurs
1610612759,2015,77.0,21.0,64.0,11.0,0.8311688311688312,0.5238095238095238,San Antonio Spurs
1610612759,2016,74.0,30.0,57.0,16.0,0.7702702702702703,0.5333333333333333,San Antonio Spurs
1610612759,2017,66.0,26.0,38.0,13.0,0.5757575757575758,0.5,San Antonio Spurs
1610612759,2018,69.0,25.0,39.0,15.0,0.5652173913043478,0.6,San Antonio Spurs
1610612759,2019,52.0,27.0,22.0,13.0,0.4230769230769231,0.48148148148148145,San Antonio Spurs
1610612759,2020,49.0,29.0,22.0,12.0,0.4489795918367347,0.41379310344827586,San Antonio Spurs
1610612759,2021,62.0,26.0,27.0,10.0,0.43548387096774194,0.38461538461538464,San Antonio Spurs
1610612759,2022,29.0,7.0,7.0,4.0,0.2413793103448276,0.5714285714285714,San Antonio Spurs
1610612760,2003,70.0,20.0,35.0,8.0,0.5,0.4,Oklahoma City Thunder
1610612760,2004,71.0,25.0,43.0,16.0,0.6056338028169014,0.64,Oklahoma City Thunder
1610612760,2005,67.0,22.0,26.0,12.0,0.3880597014925373,0.5454545454545454,Oklahoma City Thunder
1610612760,2006,57.0,33.0,23.0,12.0,0.40350877192982454,0.36363636363636365,Oklahoma City Thunder
1610612760,2007,66.0,23.0,13.0,8.0,0.19696969696969696,0.34782608695652173,Oklahoma City Thunder
1610612760,2008,66.0,23.0,16.0,8.0,0.24242424242424243,0.34782608695652173,Oklahoma City Thunder
1610612760,2009,62.0,33.0,38.0,16.0,0.6129032258064516,0.48484848484848486,Oklahoma City Thunder
1610612760,2010,69.0,36.0,44.0,23.0,0.6376811594202898,0.6388888888888888,Oklahoma City Thunder
1610612760,2011,60.0,28.0,45.0,17.0,0.75,0.6071428571428571,Oklahoma City Thunder
1610612760,2012,78.0,22.0,60.0,9.0,0.7692307692307693,0.4090909090909091,Oklahoma City Thunder
1610612760,2013,78.0,29.0,56.0,16.0,0.717948717948718,0.5517241379310345,Oklahoma City Thunder
1610612760,2014,64.0,25.0,39.0,8.0,0.609375,0.32,Oklahoma City Thunder
1610612760,2015,73.0,32.0,54.0,16.0,0.7397260273972602,0.5,Oklahoma City Thunder
1610612760,2016,61.0,30.0,35.0,15.0,0.5737704918032787,0.5,Oklahoma City Thunder
1610612760,2017,62.0,29.0,39.0,13.0,0.6290322580645161,0.4482758620689655,Oklahoma City Thunder
1610612760,2018,66.0,25.0,42.0,11.0,0.6363636363636364,0.44,Oklahoma City Thunder
1610612760,2019,55.0,30.0,33.0,18.0,0.6,0.6,Oklahoma City Thunder
1610612760,2020,57.0,20.0,11.0,13.0,0.19298245614035087,0.65,Oklahoma City Thunder
1610612760,2021,61.0,25.0,13.0,12.0,0.21311475409836064,0.48,Oklahoma City Thunder
1610612760,2022,24.0,12.0,13.0,4.0,0.5416666666666666,0.3333333333333333,Oklahoma City Thunder
1610612761,2003,59.0,30.0,22.0,15.0,0.3728813559322034,0.5,Toronto Raptors
1610612761,2004,59.0,27.0,24.0,11.0,0.4067796610169492,0.4074074074074074,Toronto Raptors
1610612761,2005,60.0,29.0,19.0,11.0,0.31666666666666665,0.3793103448275862,Toronto Raptors
1610612761,2006,64.0,31.0,35.0,20.0,0.546875,0.6451612903225806,Toronto Raptors
1610612761,2007,69.0,21.0,38.0,6.0,0.5507246376811594,0.2857142857142857,Toronto Raptors
1610612761,2008,71.0,18.0,26.0,10.0,0.36619718309859156,0.5555555555555556,Toronto Raptors
1610612761,2009,70.0,20.0,30.0,12.0,0.42857142857142855,0.6,Toronto Raptors
1610612761,2010,65.0,25.0,17.0,9.0,0.26153846153846155,0.36,Toronto Raptors
1610612761,2011,48.0,20.0,17.0,6.0,0.3541666666666667,0.3,Toronto Raptors
1610612761,2012,62.0,26.0,26.0,13.0,0.41935483870967744,0.5,Toronto Raptors
1610612761,2013,69.0,27.0,46.0,11.0,0.6666666666666666,0.4074074074074074,Toronto Raptors
1610612761,2014,58.0,35.0,33.0,22.0,0.5689655172413793,0.6285714285714286,Toronto Raptors
1610612761,2015,79.0,30.0,53.0,18.0,0.6708860759493671,0.6,Toronto Raptors
1610612761,2016,70.0,28.0,46.0,12.0,0.6571428571428571,0.42857142857142855,Toronto Raptors
1610612761,2017,67.0,30.0,51.0,15.0,0.7611940298507462,0.5,Toronto Raptors
1610612761,2018,79.0,31.0,60.0,17.0,0.759493670886076,0.5483870967741935,Toronto Raptors
1610612761,2019,65.0,25.0,46.0,18.0,0.7076923076923077,0.72,Toronto Raptors
1610612761,2020,53.0,24.0,22.0,7.0,0.41509433962264153,0.2916666666666667,Toronto Raptors
1610612761,2021,62.0,31.0,37.0,16.0,0.5967741935483871,0.5161290322580645,Toronto Raptors
1610612761,2022,25.0,12.0,13.0,4.0,0.52,0.3333333333333333,Toronto Raptors
1610612762,2003,70.0,20.0,32.0,14.0,0.45714285714285713,0.7,Utah Jazz
1610612762,2004,67.0,19.0,19.0,8.0,0.2835820895522388,0.42105263157894735,Utah Jazz
1610612762,2005,69.0,20.0,29.0,14.0,0.42028985507246375,0.7,Utah Jazz
1610612762,2006,74.0,33.0,46.0,18.0,0.6216216216216216,0.5454545454545454,Utah Jazz
1610612762,2007,83.0,18.0,55.0,9.0,0.6626506024096386,0.5,Utah Jazz
1610612762,2008,75.0,19.0,43.0,10.0,0.5733333333333334,0.5263157894736842,Utah Jazz
1610612762,2009,76.0,23.0,52.0,10.0,0.6842105263157895,0.43478260869565216,Utah Jazz
1610612762,2010,64.0,26.0,31.0,16.0,0.484375,0.6153846153846154,Utah Jazz
1610612762,2011,50.0,22.0,25.0,12.0,0.5,0.5454545454545454,Utah Jazz
1610612762,2012,68.0,22.0,38.0,10.0,0.5588235294117647,0.45454545454545453,Utah Jazz
1610612762,2013,72.0,18.0,17.0,9.0,0.2361111111111111,0.5,Utah Jazz
1610612762,2014,60.0,30.0,33.0,10.0,0.55,0.3333333333333333,Utah Jazz
1610612762,2015,60.0,29.0,32.0,11.0,0.5333333333333333,0.3793103448275862,Utah Jazz
1610612762,2016,76.0,22.0,44.0,14.0,0.5789473684210527,0.6363636363636364,Utah Jazz
1610612762,2017,81.0,15.0,49.0,7.0,0.6049382716049383,0.4666666666666667,Utah Jazz
1610612762,2018,74.0,16.0,49.0,5.0,0.6621621621621622,0.3125,Utah Jazz
1610612762,2019,60.0,26.0,31.0,18.0,0.5166666666666667,0.6923076923076923,Utah Jazz
1610612762,2020,71.0,17.0,55.0,7.0,0.7746478873239436,0.4117647058823529,Utah Jazz
1610612762,2021,74.0,18.0,45.0,8.0,0.6081081081081081,0.4444444444444444,Utah Jazz
1610612762,2022,29.0,10.0,14.0,6.0,0.4827586206896552,0.6,Utah Jazz
1610612763,2003,66.0,27.0,37.0,17.0,0.5606060606060606,0.6296296296296297,Memphis Grizzlies
1610612763,2004,63.0,25.0,36.0,10.0,0.5714285714285714,0.4,Memphis Grizzlies
1610612763,2005,67.0,26.0,43.0,11.0,0.6417910447761194,0.4230769230769231,Memphis Grizzlies
1610612763,2006,63.0,27.0,18.0,8.0,0.2857142857142857,0.2962962962962963,Memphis Grizzlies
1610612763,2007,66.0,21.0,20.0,6.0,0.30303030303030304,0.2857142857142857,Memphis Grizzlies
1610612763,2008,68.0,22.0,17.0,9.0,0.25,0.4090909090909091,Memphis Grizzlies
1610612763,2009,67.0,23.0,30.0,13.0,0.44776119402985076,0.5652173913043478,Memphis Grizzlies
1610612763,2010,69.0,33.0,39.0,21.0,0.5652173913043478,0.6363636363636364,Memphis Grizzlies
1610612763,2011,47.0,28.0,27.0,17.0,0.574468085106383,0.6071428571428571,Memphis Grizzlies
1610612763,2012,78.0,26.0,55.0,12.0,0.7051282051282052,0.46153846153846156,Memphis Grizzlies
1610612763,2013,65.0,31.0,34.0,22.0,0.5230769230769231,0.7096774193548387,Memphis Grizzlies
1610612763,2014,77.0,23.0,47.0,16.0,0.6103896103896104,0.6956521739130435,Memphis Grizzlies
1610612763,2015,71.0,21.0,35.0,12.0,0.49295774647887325,0.5714285714285714,Memphis Grizzlies
1610612763,2016,70.0,24.0,35.0,14.0,0.5,0.5833333333333334,Memphis Grizzlies
1610612763,2017,62.0,25.0,17.0,8.0,0.27419354838709675,0.32,Memphis Grizzlies
1610612763,2018,61.0,26.0,25.0,10.0,0.4098360655737705,0.38461538461538464,Memphis Grizzlies
1610612763,2019,62.0,18.0,28.0,8.0,0.45161290322580644,0.4444444444444444,Memphis Grizzlies
1610612763,2020,60.0,25.0,31.0,14.0,0.5166666666666667,0.56,Memphis Grizzlies
1610612763,2021,78.0,22.0,54.0,11.0,0.6923076923076923,0.5,Memphis Grizzlies
1610612763,2022,25.0,10.0,17.0,5.0,0.68,0.5,Memphis Grizzlies
1610612764,2003,70.0,20.0,23.0,7.0,0.32857142857142857,0.35,Washington Wizards
1610612764,2004,61.0,34.0,28.0,22.0,0.45901639344262296,0.6470588235294118,Washington Wizards
1610612764,2005,69.0,27.0,37.0,10.0,0.5362318840579711,0.37037037037037035,Washington Wizards
1610612764,2006,58.0,36.0,27.0,18.0,0.46551724137931033,0.5,Washington Wizards
1610612764,2007,67.0,27.0,34.0,14.0,0.5074626865671642,0.5185185185185185,Washington Wizards
1610612764,2008,70.0,19.0,13.0,8.0,0.18571428571428572,0.42105263157894735,Washington Wizards
1610612764,2009,59.0,31.0,18.0,12.0,0.3050847457627119,0.3870967741935484,Washington Wizards
1610612764,2010,71.0,18.0,15.0,11.0,0.2112676056338028,0.6111111111111112,Washington Wizards
1610612764,2011,52.0,16.0,13.0,7.0,0.25,0.4375,Washington Wizards
1610612764,2012,60.0,30.0,22.0,10.0,0.36666666666666664,0.3333333333333333,Washington Wizards
1610612764,2013,71.0,29.0,40.0,12.0,0.5633802816901409,0.41379310344827586,Washington Wizards
1610612764,2014,67.0,32.0,38.0,17.0,0.5671641791044776,0.53125,Washington Wizards
1610612764,2015,65.0,23.0,33.0,11.0,0.5076923076923077,0.4782608695652174,Washington Wizards
1610612764,2016,68.0,34.0,37.0,23.0,0.5441176470588235,0.6764705882352942,Washington Wizards
1610612764,2017,66.0,26.0,36.0,12.0,0.5454545454545454,0.46153846153846156,Washington Wizards
1610612764,2018,62.0,24.0,25.0,10.0,0.4032258064516129,0.4166666666666667,Washington Wizards
1610612764,2019,66.0,13.0,24.0,3.0,0.36363636363636365,0.23076923076923078,Washington Wizards
1610612764,2020,54.0,29.0,21.0,16.0,0.3888888888888889,0.5517241379310345,Washington Wizards
1610612764,2021,60.0,26.0,21.0,14.0,0.35,0.5384615384615384,Washington Wizards
1610612764,2022,28.0,9.0,9.0,4.0,0.32142857142857145,0.4444444444444444,Washington Wizards
1610612765,2003,79.0,34.0,58.0,14.0,0.7341772151898734,0.4117647058823529,Detroit Pistons
1610612765,2004,87.0,24.0,58.0,13.0,0.6666666666666666,0.5416666666666666,Detroit Pistons
1610612765,2005,82.0,26.0,63.0,15.0,0.7682926829268293,0.5769230769230769,Detroit Pistons
1610612765,2006,69.0,37.0,47.0,21.0,0.6811594202898551,0.5675675675675675,Detroit Pistons
1610612765,2007,82.0,25.0,56.0,17.0,0.6829268292682927,0.68,Detroit Pistons
1610612765,2008,60.0,34.0,30.0,15.0,0.5,0.4411764705882353,Detroit Pistons
1610612765,2009,68.0,22.0,19.0,12.0,0.27941176470588236,0.5454545454545454,Detroit Pistons
1610612765,2010,62.0,28.0,23.0,10.0,0.3709677419354839,0.35714285714285715,Detroit Pistons
1610612765,2011,51.0,17.0,17.0,9.0,0.3333333333333333,0.5294117647058824,Detroit Pistons
1610612765,2012,66.0,24.0,24.0,9.0,0.36363636363636365,0.375,Detroit Pistons
1610612765,2013,69.0,20.0,24.0,8.0,0.34782608695652173,0.4,Detroit Pistons
1610612765,2014,64.0,25.0,25.0,12.0,0.390625,0.48,Detroit Pistons
1610612765,2015,64.0,30.0,33.0,14.0,0.515625,0.4666666666666667,Detroit Pistons
1610612765,2016,66.0,22.0,31.0,9.0,0.4696969696969697,0.4090909090909091,Detroit Pistons
1610612765,2017,64.0,23.0,34.0,7.0,0.53125,0.30434782608695654,Detroit Pistons
1610612765,2018,62.0,29.0,29.0,14.0,0.46774193548387094,0.4827586206896552,Detroit Pistons
1610612765,2019,57.0,14.0,16.0,7.0,0.2807017543859649,0.5,Detroit Pistons
1610612765,2020,61.0,17.0,18.0,5.0,0.29508196721311475,0.29411764705882354,Detroit Pistons
1610612765,2021,63.0,23.0,14.0,11.0,0.2222222222222222,0.4782608695652174,Detroit Pistons
1610612765,2022,31.0,7.0,6.0,2.0,0.1935483870967742,0.2857142857142857,Detroit Pistons
1610612766,2004,56.0,29.0,12.0,8.0,0.21428571428571427,0.27586206896551724,Charlotte Hornets
1610612766,2005,67.0,23.0,21.0,8.0,0.31343283582089554,0.34782608695652173,Charlotte Hornets
1610612766,2006,77.0,13.0,27.0,8.0,0.35064935064935066,0.6153846153846154,Charlotte Hornets
1610612766,2007,64.0,25.0,22.0,12.0,0.34375,0.48,Charlotte Hornets
1610612766,2008,57.0,33.0,27.0,8.0,0.47368421052631576,0.24242424242424243,Charlotte Hornets
1610612766,2009,61.0,33.0,32.0,14.0,0.5245901639344263,0.42424242424242425,Charlotte Hornets
1610612766,2010,55.0,35.0,19.0,19.0,0.34545454545454546,0.5428571428571428,Charlotte Hornets
1610612766,2011,54.0,14.0,4.0,4.0,0.07407407407407407,0.2857142857142857,Charlotte Hornets
1610612766,2012,70.0,20.0,12.0,10.0,0.17142857142857143,0.5,Charlotte Hornets
1610612766,2013,62.0,32.0,32.0,16.0,0.5161290322580645,0.5,Charlotte Hornets
1610612766,2014,63.0,27.0,26.0,10.0,0.4126984126984127,0.37037037037037035,Charlotte Hornets
1610612766,2015,70.0,27.0,40.0,18.0,0.5714285714285714,0.6666666666666666,Charlotte Hornets
1610612766,2016,66.0,23.0,30.0,9.0,0.45454545454545453,0.391304347826087,Charlotte Hornets
1610612766,2017,64.0,23.0,29.0,9.0,0.453125,0.391304347826087,Charlotte Hornets
1610612766,2018,63.0,24.0,35.0,8.0,0.5555555555555556,0.3333333333333333,Charlotte Hornets
1610612766,2019,47.0,23.0,13.0,11.0,0.2765957446808511,0.4782608695652174,Charlotte Hornets
1610612766,2020,57.0,22.0,24.0,11.0,0.42105263157894735,0.5,Charlotte Hornets
1610612766,2021,67.0,20.0,36.0,8.0,0.5373134328358209,0.4,Charlotte Hornets
1610612766,2022,28.0,9.0,6.0,2.0,0.21428571428571427,0.2222222222222222,Charlotte Hornets
